Antigua Y Barbuda ; imagenes/Paises_Nivel_3/AntiguaYBarbuda.png
Bahamas ; imagenes/Paises_Nivel_3/Bahamas.png
Barbados ; imagenes/Paises_Nivel_3/Barbados.png
Belice ; imagenes/Paises_Nivel_3/Belice.png
Benin ; imagenes/Paises_Nivel_3/Benin.png
Birmania - Myanmar ; imagenes/Paises_Nivel_3/BirmaniaMyanmar.png
Botsuana ; imagenes/Paises_Nivel_3/Botsuana.png
Brunei ; imagenes/Paises_Nivel_3/Brunei.png
Burundi ; imagenes/Paises_Nivel_3/Burundi.png
Bután ; imagenes/Paises_Nivel_3/Butan.png
Cabo Verde ; imagenes/Paises_Nivel_3/CaboVerde.png
Camboya ; imagenes/Paises_Nivel_3/Camboya.png
Chad ; imagenes/Paises_Nivel_3/Chad.png
Chipre ; imagenes/Paises_Nivel_3/Chipre.png
Comoras ; imagenes/Paises_Nivel_3/Comoras.png
Dominica ; imagenes/Paises_Nivel_3/Dominica.png
Eritrea ; imagenes/Paises_Nivel_3/Eritrea.png
Fiyi ; imagenes/Paises_Nivel_3/Fiyi.png
Gambia ; imagenes/Paises_Nivel_3/Gambia.png
Granada ; imagenes/Paises_Nivel_3/Granada.png
Guinea Ecuatorial ; imagenes/Paises_Nivel_3/GuineaEcuatorial.png
Guyana ; imagenes/Paises_Nivel_3/Guyana.png
Haiti ; imagenes/Paises_Nivel_3/Haiti.png
Islas Marshall ; imagenes/Paises_Nivel_3/IslasMarshall.png
Islas Solomon ; imagenes/Paises_Nivel_3/IslasSolomon.png
Kiribati ; imagenes/Paises_Nivel_3/Kiribati.png
Kuwait ; imagenes/Paises_Nivel_3/Kuwait.png
Laos ; imagenes/Paises_Nivel_3/Laos.png
Lesoto ; imagenes/Paises_Nivel_3/Lesoto.png
Liechtenstein ; imagenes/Paises_Nivel_3/Liechtenstein.png
Luxemburgo ; imagenes/Paises_Nivel_3/Luxemburgo.png
Macedonia Del Norte ; imagenes/Paises_Nivel_3/MacedoniaDelNorte.png
Malaui ; imagenes/Paises_Nivel_3/Malaui.png
Maldivas ; imagenes/Paises_Nivel_3/Maldivas.png
Mali ; imagenes/Paises_Nivel_3/Mali.png
Malta ; imagenes/Paises_Nivel_3/Malta.png
Mauricio ; imagenes/Paises_Nivel_3/Mauricio.png
Mauritania ; imagenes/Paises_Nivel_3/Mauritania.png
Micronesia ; imagenes/Paises_Nivel_3/Micronesia.png
Moldavia ; imagenes/Paises_Nivel_3/Moldavia.png
Mongolia ; imagenes/Paises_Nivel_3/Mongolia.png
Montenegro ; imagenes/Paises_Nivel_3/Montenegro.png
Namibia ; imagenes/Paises_Nivel_3/Namibia.png
Nauru ; imagenes/Paises_Nivel_3/Nauru.png
Nicaragua ; imagenes/Paises_Nivel_3/Nicaragua.png
Omán ; imagenes/Paises_Nivel_3/Oman.png
Pakistán ; imagenes/Paises_Nivel_3/Pakistan.png
Palaos ; imagenes/Paises_Nivel_3/Palaos.png
Puerto Rico ; imagenes/Paises_Nivel_3/PuertoRico.png
Ruanda ; imagenes/Paises_Nivel_3/Ruanda.png
Sahara Occidental ; imagenes/Paises_Nivel_3/SaharaOccidental.png
Samoa ; imagenes/Paises_Nivel_3/Samoa.png
San Cristobal y Nieves ; imagenes/Paises_Nivel_3/SanCristobalYNieves.png
San Marino ; imagenes/Paises_Nivel_3/SanMarino.png
Santa Lucía ; imagenes/Paises_Nivel_3/SantaLucia.png
Santo Tomé y Príncipe ; imagenes/Paises_Nivel_3/SantoTomeYPrincipe.png
San Vicente y Las Granadinas ; imagenes/Paises_Nivel_3/SanVicenteYLasGranadinas.png
Seychelles ; imagenes/Paises_Nivel_3/Seychelles.png
Sierra Leona ; imagenes/Paises_Nivel_3/SierraLeona.png
Somalia ; imagenes/Paises_Nivel_3/Somalia.png
Somalilandia ; imagenes/Paises_Nivel_3/Somalilandia.png
Sri Lanka ; imagenes/Paises_Nivel_3/SriLanka.png
Suazilandia ; imagenes/Paises_Nivel_3/Suazilandia.png
Surinam ; imagenes/Paises_Nivel_3/Surinam.png
Taiwán ; imagenes/Paises_Nivel_3/Taiwan.png
Tayikistán ; imagenes/Paises_Nivel_3/Tayikistan.png
Timor Oriental ; imagenes/Paises_Nivel_3/TimorOriental.png
Tonga ; imagenes/Paises_Nivel_3/Tonga.png
Trinidad y Tobago ; imagenes/Paises_Nivel_3/TrinidadYTobago.png
Turkmenistán ; imagenes/Paises_Nivel_3/Turkmenistan.png
Tuvalu ; imagenes/Paises_Nivel_3/Tuvalu.png
Vanuatu ; imagenes/Paises_Nivel_3/Vanuatu.png
Vaticano ; imagenes/Paises_Nivel_3/Vaticano.png
Yemen ; imagenes/Paises_Nivel_3/Yemen.png
Yibuti ; imagenes/Paises_Nivel_3/Yibuti.png
Zimbaue ; imagenes/Paises_Nivel_3/Zimbaue.png

