Afganistán ; imagenes/Paises_Nivel_2/Afganistan.png
Albania ; imagenes/Paises_Nivel_2/Albania.png
Andorra ; imagenes/Paises_Nivel_2/Andorra.png
Angola ; imagenes/Paises_Nivel_2/Angola.png
Austria ; imagenes/Paises_Nivel_2/Austria.png
Azerbaiyán ; imagenes/Paises_Nivel_2/Azerbaiyan.png
Banglades ; imagenes/Paises_Nivel_2/Banglades.png
Barein ; imagenes/Paises_Nivel_2/Barein.png
Bielorrusia ; imagenes/Paises_Nivel_2/Bielorrusia.png
Bolivia ; imagenes/Paises_Nivel_2/Bolivia.png
BosniaYHerzegovina ; imagenes/Paises_Nivel_2/BosniaYHerzegovina.png
Bulgaria.png ; imagenes/Paises_Nivel_2/Bulgaria.png
BurkinaFaso ; imagenes/Paises_Nivel_2/BurkinaFaso.png
Catar ; imagenes/Paises_Nivel_2/Catar.png
Chile ; imagenes/Paises_Nivel_2/Chile.png
CostaDeMarfil ; imagenes/Paises_Nivel_2/CostaDeMarfil.png
CostaRica ; imagenes/Paises_Nivel_2/CostaRica.png
Cuba ; imagenes/Paises_Nivel_2/Cuba.png
Ecuador ; imagenes/Paises_Nivel_2/Ecuador.png
ElSalvador ; imagenes/Paises_Nivel_2/ElSalvador.png
Estonia ; imagenes/Paises_Nivel_2/Estonia.png
Etiopia ; imagenes/Paises_Nivel_2/Etiopia.png
Filipinas ; imagenes/Paises_Nivel_2/Filipinas.png
Gabon ; imagenes/Paises_Nivel_2/Gabon.png
Georgia ; imagenes/Paises_Nivel_2/Georgia.png
Guatemala ; imagenes/Paises_Nivel_2/Guatemala.png
Guinea ; imagenes/Paises_Nivel_2/Guinea.png
GuineaBisau ; imagenes/Paises_Nivel_2/GuineaBisau.png
Honduras ; imagenes/Paises_Nivel_2/Honduras.png
Hungría ; imagenes/Paises_Nivel_2/Hungria.png
Indonesia ; imagenes/Paises_Nivel_2/Indonesia.png
Irak ; imagenes/Paises_Nivel_2/Irak.png
Irán ; imagenes/Paises_Nivel_2/Iran.png
Jamaica ; imagenes/Paises_Nivel_2/Jamaica.png
Jordania ; imagenes/Paises_Nivel_2/Jordania.png
Kazajistán ; imagenes/Paises_Nivel_2/Kazajistan.png
Kenia ; imagenes/Paises_Nivel_2/Kenia.png
Letonia ; imagenes/Paises_Nivel_2/Letonia.png
Líbano ; imagenes/Paises_Nivel_2/Libano.png
Liberia ; imagenes/Paises_Nivel_2/Liberia.png
Libia ; imagenes/Paises_Nivel_2/Libia.png
Lituania ; imagenes/Paises_Nivel_2/Lituania.png
Madagascar ; imagenes/Paises_Nivel_2/Madagascar.png
Malasia ; imagenes/Paises_Nivel_2/Malasia.png
Monaco ; imagenes/Paises_Nivel_2/Monaco.png
Mozambique ; imagenes/Paises_Nivel_2/Mozambique.png
Nepal ; imagenes/Paises_Nivel_2/Nepal.png
Niger ; imagenes/Paises_Nivel_2/Niger.png
NuevaZelanda ; imagenes/Paises_Nivel_2/NuevaZelanda.png
Panamá ; imagenes/Paises_Nivel_2/Panama.png
Papúa Nueva Guinea ; imagenes/Paises_Nivel_2/PapuaNuevaGuinea.png
Paraguay ; imagenes/Paises_Nivel_2/Paraguay.png
Perú ; imagenes/Paises_Nivel_2/Peru.png
Polonia ; imagenes/Paises_Nivel_2/Polonia.png
República Centroafricana ; imagenes/Paises_Nivel_2/RepublicaCentroafricana.png
República Checa ; imagenes/Paises_Nivel_2/RepublicaCheca.png
República Dominicana ; imagenes/Paises_Nivel_2/RepublicaDominicana.png
Rumanía ; imagenes/Paises_Nivel_2/Rumania.png
Singapur ; imagenes/Paises_Nivel_2/Singapur.png
Siria ; imagenes/Paises_Nivel_2/Siria.png
Sudán ; imagenes/Paises_Nivel_2/Sudan.png
Sudán Del Sur ; imagenes/Paises_Nivel_2/SudanDelSur.png
Tailandia ; imagenes/Paises_Nivel_2/Tailandia.png
Tanzania ; imagenes/Paises_Nivel_2/Tanzania.png
Togo ; imagenes/Paises_Nivel_2/Togo.png
Uganda ; imagenes/Paises_Nivel_2/Uganda.png
Uzbekistán ; imagenes/Paises_Nivel_2/Uzbekistan.png
Venezuela ; imagenes/Paises_Nivel_2/Venezuela.png
Vietnam ; imagenes/Paises_Nivel_2/Vietnam.png
Zambia ; imagenes/Paises_Nivel_2/Zambia.png 